[
  {
    "value": "VAB",
    "synonyms": [
      "VAB"
    ]
  },
  {
    "value": "WAS",
    "synonyms": [
      "WAS"
    ]
  },
  {
    "value": "COL",
    "synonyms": [
      "COL"
    ]
  },
  {
    "value": "BWI",
    "synonyms": [
      "BWI"
    ]
  },
  {
    "value": "NYF",
    "synonyms": [
      "NYF"
    ]
  },
  {
    "value": "BOS",
    "synonyms": [
      "BOS"
    ]
  },
  {
    "value": "BAL",
    "synonyms": [
      "BAL"
    ]
  },
  {
    "value": "PDA",
    "synonyms": [
      "PDA"
    ]
  }
]