[
  {
    "id": "b5174879-a948-4ef5-90fd-669affe270cd",
    "data": [
      {
        "text": "Hi Mate",
        "userDefined": false
      }
    ],
    "isTemplate": false,
    "count": 1,
    "lang": "en",
    "updated": 0
  },
  {
    "id": "8afa79c7-c919-4336-80cc-11502bafccaf",
    "data": [
      {
        "text": "Hello dear",
        "userDefined": false
      }
    ],
    "isTemplate": false,
    "count": 0,
    "lang": "en",
    "updated": 0
  },
  {
    "id": "81c08cab-396d-4abf-abc4-8618710237a5",
    "data": [
      {
        "text": "Hi",
        "userDefined": false
      }
    ],
    "isTemplate": false,
    "count": 0,
    "lang": "en",
    "updated": 0
  },
  {
    "id": "6cfe43de-eb02-4ce7-a59b-f0a77285ef65",
    "data": [
      {
        "text": "hello",
        "userDefined": false
      }
    ],
    "isTemplate": false,
    "count": 0,
    "lang": "en",
    "updated": 0
  }
]