[
  {
    "id": "61795554-ff31-418a-97db-a6baa5efab69",
    "data": [
      {
        "text": "Train Name : Boston-Columbus express Source station : Boston Destination station : Columbus Route : ",
        "userDefined": false
      },
      {
        "text": "BOS",
        "meta": "@sourcestations",
        "alias": "selectsourcestations",
        "userDefined": true
      },
      {
        "text": " \u003d\u003d\u003e ",
        "userDefined": false
      },
      {
        "text": "COL",
        "meta": "@deststations",
        "alias": "selectdeststations",
        "userDefined": true
      },
      {
        "text": " Price: ",
        "userDefined": false
      },
      {
        "text": "20",
        "meta": "@sys.number",
        "alias": "price",
        "userDefined": true
      },
      {
        "text": " $ Arrival Time : ",
        "userDefined": false
      },
      {
        "text": "07:30",
        "meta": "@sys.time",
        "alias": "selectarr-time",
        "userDefined": true
      },
      {
        "text": " Dep Time : ",
        "userDefined": false
      },
      {
        "text": "17:30",
        "meta": "@sys.time",
        "alias": "selectdept-time",
        "userDefined": true
      },
      {
        "text": " Day : ",
        "userDefined": false
      },
      {
        "text": "Thu",
        "meta": "@day",
        "alias": "day",
        "userDefined": true
      },
      {
        "text": " Class : ",
        "userDefined": false
      },
      {
        "text": "Business",
        "meta": "@classtype",
        "alias": "classtype",
        "userDefined": true
      }
    ],
    "isTemplate": false,
    "count": 0,
    "lang": "en",
    "updated": 0
  },
  {
    "id": "dd251b58-e2c1-458e-8fe2-8a0ea37bf313",
    "data": [
      {
        "text": "Train Name : Washington DC -Boston express Source station : Washington DC Destination station : Boston Route : ",
        "userDefined": false
      },
      {
        "text": "WAS",
        "meta": "@sourcestations",
        "alias": "selectsourcestations",
        "userDefined": true
      },
      {
        "text": " \u003d\u003d\u003e ",
        "userDefined": false
      },
      {
        "text": "BOS",
        "meta": "@deststations",
        "alias": "selectdeststations",
        "userDefined": true
      },
      {
        "text": " Price: ",
        "userDefined": false
      },
      {
        "text": "17",
        "meta": "@sys.number",
        "alias": "price",
        "userDefined": true
      },
      {
        "text": " $ Arrival Time : ",
        "userDefined": false
      },
      {
        "text": "12:00",
        "meta": "@sys.time",
        "alias": "selectarr-time",
        "userDefined": true
      },
      {
        "text": " Dep Time : ",
        "userDefined": false
      },
      {
        "text": "10:00",
        "meta": "@sys.time",
        "alias": "selectdept-time",
        "userDefined": true
      },
      {
        "text": " Day : ",
        "userDefined": false
      },
      {
        "text": "Tue",
        "meta": "@day",
        "alias": "day",
        "userDefined": true
      },
      {
        "text": " Class : ",
        "userDefined": false
      },
      {
        "text": "Business",
        "meta": "@classtype",
        "alias": "classtype",
        "userDefined": true
      }
    ],
    "isTemplate": false,
    "count": 0,
    "lang": "en",
    "updated": 0
  },
  {
    "id": "86113cbd-2ed1-4b0c-9f97-137410df67f3",
    "data": [
      {
        "text": "Route : ",
        "userDefined": false
      },
      {
        "text": "WAS",
        "meta": "@sourcestations",
        "alias": "selectsourcestations",
        "userDefined": true
      },
      {
        "text": " \u003d\u003d\u003e ",
        "userDefined": false
      },
      {
        "text": "BOS",
        "meta": "@deststations",
        "alias": "selectdeststations",
        "userDefined": true
      },
      {
        "text": " Time : ",
        "userDefined": false
      },
      {
        "text": "12:00",
        "meta": "@sys.time",
        "alias": "selectarr-time",
        "userDefined": true
      },
      {
        "text": " -\u003e ",
        "userDefined": false
      },
      {
        "text": "10:00",
        "meta": "@sys.time",
        "alias": "selectdept-time",
        "userDefined": true
      },
      {
        "text": " Price:",
        "userDefined": false
      },
      {
        "text": "17",
        "meta": "@sys.number",
        "alias": "price",
        "userDefined": true
      },
      {
        "text": " $ Day : ",
        "userDefined": false
      },
      {
        "text": "Tue",
        "meta": "@day",
        "alias": "day",
        "userDefined": true
      },
      {
        "text": " Class : ",
        "userDefined": false
      },
      {
        "text": "Business",
        "meta": "@classtype",
        "alias": "classtype",
        "userDefined": true
      }
    ],
    "isTemplate": false,
    "count": 0,
    "lang": "en",
    "updated": 0
  }
]